id,track_name,artist,album,language,genre,youtube_id,thumbnail_url,energy,danceability,valence,tempo,acousticness,instrumentalness,speechiness,liveness,loudness,popularity,explicit,duration_ms,source,created_at
93866c51-132f-487e-b4eb-9f398a4f349c,Faded,Alan Walker,,en,,60ItHLz5WEA,https://i.ytimg.com/vi/60ItHLz5WEA/sddefault.jpg?sqp=-oaymwEWCJADEOEBIAQqCghqEJQEGHgg6AJIWg&rs=AMzJL3m9egPvvOWFjggeHBMx4ngcu0DdXg,0.5,0.5,0.5,0.5,0.5,0.1,0.1,0.1,0.7,0.8,false,213000,ytmusic_trending,2026-06-17 13:33:30.351271+00
37ee6a53-80a2-4b1c-be4c-ea8ffc8143d2,Sesi Potret (feat. Ari Lesmana),eńau,,en,,Nskf70DMR60,https://i.ytimg.com/vi/Nskf70DMR60/sddefault.jpg?sqp=-oaymwEWCJADEOEBIAQqCghqEJQEGHgg6AJIWg&rs=AMzJL3k8-BjbiCT3IXFmFQzgbGjUBEbWJw,0.5,0.5,0.5,0.5,0.5,0.1,0.1,0.1,0.7,0.8,false,306000,ytmusic_trending,2026-06-17 13:33:27.463198+00
cca0fd7b-9d30-4f2f-8996-02ec2f09f561,Nano,"Saint Levant, TUL8TE",,en,,OQac93ARgQE,https://i.ytimg.com/vi/OQac93ARgQE/sddefault.jpg?sqp=-oaymwEWCJADEOEBIAQqCghqEJQEGHgg6AJIWg&rs=AMzJL3m9YJL-cc9rjnFPdWmmzZs9tepsUw,0.5,0.5,0.5,0.5,0.5,0.1,0.1,0.1,0.7,0.8,false,261000,ytmusic_trending,2026-06-17 13:33:26.77309+00
c251b1f8-12c3-4686-9ec5-90a9253407eb,Sebebi Yar,BLOK3,,en,,69L-nKRY3ac,https://i.ytimg.com/vi/69L-nKRY3ac/sddefault.jpg?sqp=-oaymwEWCJADEOEBIAQqCghqEJQEGHgg6AJIWg&rs=AMzJL3ngjP4vcIWi45zOVb_HELdpNKO69A,0.5,0.5,0.5,0.5,0.5,0.1,0.1,0.1,0.7,0.8,false,199000,ytmusic_trending,2026-06-17 13:33:26.081448+00
d279fae7-ecf7-4df7-8b02-8b8746695123,Crow,i-dle,,en,,bUMLC9lCgHo,https://i.ytimg.com/vi/bUMLC9lCgHo/sddefault.jpg?sqp=-oaymwEWCJADEOEBIAQqCghqEJQEGHgg6AJIWg&rs=AMzJL3mueCb8ACzvGc7YKyk8s0EdTNbfDQ,0.5,0.5,0.5,0.5,0.5,0.1,0.1,0.1,0.7,0.8,false,203000,ytmusic_trending,2026-06-17 13:33:21.964688+00
1b276e6c-205c-4b5c-80fc-01f70d20d176,Kasam Khake Kaho - Lyrical | Preity Zinta | Arjun Rampal | Mahima | Kumar Sanu | Alka Yagnik,SS 100M,,en,,S7TTsne4S6s,https://i.ytimg.com/vi/S7TTsne4S6s/sddefault.jpg?sqp=-oaymwEWCJADEOEBIAQqCghqEJQEGHgg6AJIWg&rs=AMzJL3mOAV2riyPnQuXINssbngU1PpL8Ug,0.5,0.5,0.5,0.5,0.5,0.1,0.1,0.1,0.7,0.8,false,349000,ytmusic_trending,2026-06-17 13:33:21.091908+00
16e193ba-3209-4451-99b9-3cc5b637336e,مرتضى حرب | درب احبابي | استقبال محرم 1448هــ,مرتضى حرب - Murtaza Harb,,en,,0SSmUpVyKKU,https://i.ytimg.com/vi/0SSmUpVyKKU/sddefault.jpg?sqp=-oaymwEWCJADEOEBIAQqCghqEJQEGHgg6AJIWg&rs=AMzJL3mURlNS_jKVEWmhc5TWnLu3SBzhbg,0.5,0.5,0.5,0.5,0.5,0.1,0.1,0.1,0.7,0.8,false,711000,ytmusic_trending,2026-06-17 13:33:19.457257+00
e68dd636-8021-4898-8083-693ebdbd2862,Aravindh - Music Video | Albuquerque Records | Anirudh Ravichander,Anirudh Ravichander,,en,,UDOIFBU543k,https://i.ytimg.com/vi/UDOIFBU543k/sddefault.jpg?sqp=-oaymwEWCJADEOEBIAQqCghqEJQEGHgg6AJIWg&rs=AMzJL3kWAyBmlRyq2-AmOQ-bUVuVcNY41Q,0.5,0.5,0.5,0.5,0.5,0.1,0.1,0.1,0.7,0.8,false,281000,ytmusic_trending,2026-06-17 13:33:17.50439+00
00b0e93f-3b1f-4c4d-a152-1f8bf5f45e50,"Dhamaal 4: CHATNI (Song) | Ajay Devgn, Arshad,Ritiesh, Jaaved, Ravi Kishan | Neelkamal, Aditya,Mamta",T-Series,,en,,gZWLEm4JLQk,https://i.ytimg.com/vi/gZWLEm4JLQk/sddefault.jpg?sqp=-oaymwEWCJADEOEBIAQqCghqEJQEGHgg6AJIWg&rs=AMzJL3mVd-7sRm94NGhFur-e_Gq5_EezOQ,0.5,0.5,0.5,0.5,0.5,0.1,0.1,0.1,0.7,0.8,false,144000,ytmusic_trending,2026-06-17 13:33:13.246807+00
dd3952fc-43df-4e12-aef8-ea9fcb262b95,夜の踊り子 - Yoru No Odoriko,sakanaction,,en,,2I25AFSBm2g,https://i.ytimg.com/vi/2I25AFSBm2g/sddefault.jpg?sqp=-oaymwEWCJADEOEBIAQqCghqEJQEGHgg6AJIWg&rs=AMzJL3nJsNcd1PnVWx4gPOoK-TNeaPTM5g,0.5,0.5,0.5,0.5,0.5,0.1,0.1,0.1,0.7,0.8,false,316000,ytmusic_trending,2026-06-16 07:44:20.034517+00
3e8fa9c0-a9cc-4f59-9852-f943a0fd4322,Udaarian,Satinder Sartaaj,,en,,9udS0mpi1L4,https://i.ytimg.com/vi/9udS0mpi1L4/sddefault.jpg?sqp=-oaymwEWCJADEOEBIAQqCghqEJQEGHgg6AJIWg&rs=AMzJL3nQ3XTv_LWNXS_pPeZ3aPiZiMJW4w,0.5,0.5,0.5,0.5,0.5,0.1,0.1,0.1,0.7,0.8,false,351000,ytmusic_trending,2026-06-16 07:44:19.299779+00
06d8a5be-f64d-4fe7-9a45-013258c7005c,Naino Ne Baandhi - Lyrical | Gold | Akshay Kumar | Mouni Roy | Arko | Yasser Desai,Bollywood Lyrical Songs,,en,,XUgmh8lf8Yo,https://i.ytimg.com/vi/XUgmh8lf8Yo/sddefault.jpg?sqp=-oaymwEWCJADEOEBIAQqCghqEJQEGHgg6AJIWg&rs=AMzJL3l-aGDJZLNHK4pls0S3WIDM_3vq1A,0.5,0.5,0.5,0.5,0.5,0.1,0.1,0.1,0.7,0.8,false,250000,ytmusic_trending,2026-06-16 07:44:14.416929+00
475b7cdb-b6d8-4c67-82db-3abb4e101b3c,Oorula Unakkoru Medai Video | Raaghav,"Pushpavanam Kuppusamy, Raaghav",,en,,dXahRHkG-Kg,https://i.ytimg.com/vi/dXahRHkG-Kg/sddefault.jpg?sqp=-oaymwEWCJADEOEBIAQqCghqEJQEGHgg6AJIWg&rs=AMzJL3ksN8Bsqqje7DM9qEjhVlcIN9tYlQ,0.5,0.5,0.5,0.5,0.5,0.1,0.1,0.1,0.7,0.6,false,260000,ytmusic_playlist,2026-06-15 08:04:53.808574+00
dea1d750-13e1-49cb-a2c1-74d66cf0bfbc,Kaalamadan Gaanam,V.M. Mahalingam,,en,,kRxdJqaHppc,https://i.ytimg.com/vi/kRxdJqaHppc/sddefault.jpg?sqp=-oaymwEWCJADEOEBIAQqCghqEJQEGHgg6AJIWg&rs=AMzJL3kGMMibr8jihNY9lg1xOoRlm0natw,0.5,0.5,0.5,0.5,0.5,0.1,0.1,0.1,0.7,0.6,false,322000,ytmusic_playlist,2026-06-15 08:04:53.190636+00
d7fa28a9-50ae-4b35-b94d-e81212ac94f8,Poongatru Thirumbuma,"Malaysia Vasudevan, S. Janaki, Ilaiyaraaja",,en,,kqi4VR_iBkg,https://i.ytimg.com/vi/kqi4VR_iBkg/sddefault.jpg?sqp=-oaymwEWCJADEOEBIAQqCghqEJQEGHgg6AJIWg&rs=AMzJL3lS3QaTnqFIGKPGUdiPzFOKJ7CRAA,0.5,0.5,0.5,0.5,0.5,0.1,0.1,0.1,0.7,0.6,false,265000,ytmusic_playlist,2026-06-15 08:04:52.57213+00
52a3ae60-4a46-426f-9be7-a3e19b5f6130,Enna Nenache - HD Video Song | Chokkathangam | Vijayakanth | Unnikrishnan | Anuradha Sriram | Deva,Star Hits,,en,,_4q_wVDoJk8,https://i.ytimg.com/vi/_4q_wVDoJk8/sddefault.jpg?sqp=-oaymwEWCJADEOEBIAQqCghqEJQEGHgg6AJIWg&rs=AMzJL3mthRHS0tP4bd_qF-m1TimQSZLFqw,0.5,0.5,0.5,0.5,0.5,0.1,0.1,0.1,0.7,0.6,false,278000,ytmusic_playlist,2026-06-15 08:04:50.779685+00
a3f8755e-273b-4d5b-badb-9175c1fbda95,Pappali Pazhamey,"Hiphop Tamizha, Gana Vinoth, Gana Ulagam Dharani, K.R.Dharan",,en,,cvmxbC5-Raw,https://i.ytimg.com/vi/cvmxbC5-Raw/sddefault.jpg?sqp=-oaymwEWCJADEOEBIAQqCghqEJQEGHgg6AJIWg&rs=AMzJL3nqBj4KPMLuWiM0k4AKuds4IdkTxw,0.5,0.5,0.5,0.5,0.5,0.1,0.1,0.1,0.7,0.6,false,230000,ytmusic_playlist,2026-06-15 08:04:48.258279+00
e3f6d3ea-ec56-4fc6-a607-b1adbc49c424,"Deeyaalo Deeyaalo Video | Anandhi, Chandran | D. Imman",Orathanadu Gopu,,en,,VMUa1Kp-s1w,https://i.ytimg.com/vi/VMUa1Kp-s1w/sddefault.jpg?sqp=-oaymwEWCJADEOEBIAQqCghqEJQEGHgg6AJIWg&rs=AMzJL3nbB05c7YE97arL5BoOOhzm7-djHw,0.5,0.5,0.5,0.5,0.5,0.1,0.1,0.1,0.7,0.6,false,206000,ytmusic_playlist,2026-06-15 08:04:47.644367+00
5a7745d9-82f0-47bf-a9ae-9e73a95e7d27,Nooraandukku Oru Murai,"Gopal Sharma, Devi",,en,,5BZtZxh_w1M,https://i.ytimg.com/vi/5BZtZxh_w1M/sddefault.jpg?sqp=-oaymwEWCJADEOEBIAQqCghqEJQEGHgg6AJIWg&rs=AMzJL3ksb0d-9Kylxx8OboLPSGKq-bMkXw,0.5,0.5,0.5,0.5,0.5,0.1,0.1,0.1,0.7,0.6,false,324000,ytmusic_playlist,2026-06-15 08:04:47.007848+00
390073b0-8830-4642-9a8f-887dcd360953,Lokiverse Theme Video - Vikram | Kamal Haasan | ANIRUDH RAVICHANDER | Lokesh Kanagaraj,Sony Music South,,en,,IxDvpoCmAaY,https://i.ytimg.com/vi/IxDvpoCmAaY/sddefault.jpg?sqp=-oaymwEWCJADEOEBIAQqCghqEJQEGHgg6AJIWg&rs=AMzJL3maNSpmtVLjj3-oNTmfr4c5b8ix1w,0.5,0.5,0.5,0.5,0.5,0.1,0.1,0.1,0.7,0.6,false,153000,ytmusic_playlist,2026-06-15 08:04:45.805947+00
bcc82c4c-6c59-4145-a2ef-ab0e104372ac,Muttu Muttu (feat. Sri Madhumitha & Mc Sai),TeeJay Arunasalam,,en,,h6dOJyziCTk,https://i.ytimg.com/vi/h6dOJyziCTk/sddefault.jpg?sqp=-oaymwEWCJADEOEBIAQqCghqEJQEGHgg6AJIWg&rs=AMzJL3l7WjBVqzUzm-LSC8BW07pn3OokpQ,0.5,0.5,0.5,0.5,0.5,0.1,0.1,0.1,0.7,0.6,false,271000,ytmusic_playlist,2026-06-15 08:04:45.172726+00
3c4a18b4-76f3-43f9-8ade-998a37eeeb3a,செம்பருத்தி செம்பருத்தி | Sembaruthi Chembaruthi  | Superhit Tamil Song HD Video,"S. Janaki, Deva, Vaali, SP Balasubrahmanyam",,en,,p3Ag5gF5IqE,https://i.ytimg.com/vi/p3Ag5gF5IqE/sddefault.jpg?sqp=-oaymwEWCJADEOEBIAQqCghqEJQEGHgg6AJIWg&rs=AMzJL3lnv0uWueqZS9S5zyR4PyYjeHnniA,0.5,0.5,0.5,0.5,0.5,0.1,0.1,0.1,0.7,0.6,false,230000,ytmusic_playlist,2026-06-15 08:04:43.955764+00
a60dec77-f1d2-40e9-ab77-4f893ea59b7f,Pesavey Pesatha,"M. M. Keeravani, Janaki Iyer, Manikka Vinayagam, and R. Jayadev",,en,,VH3FhRpVxsI,https://i.ytimg.com/vi/VH3FhRpVxsI/sddefault.jpg?sqp=-oaymwEWCJADEOEBIAQqCghqEJQEGHgg6AJIWg&rs=AMzJL3na4tJS2CA3U23Qae3ETq59SkrGFA,0.5,0.5,0.5,0.5,0.5,0.1,0.1,0.1,0.7,0.6,false,313000,ytmusic_playlist,2026-06-15 08:04:42.139214+00
bc3febf8-f2db-406d-9914-9ae44424dec8,"Manmadhan | Manmadhane Nee Video Song | Silambarasan, Jyotika | Yuvan Shankar Raja | #ThinkTapes","Sadhana Sargam, Yuvan Shankar Raja, Snehan",,en,,MFf94YYSi_o,https://i.ytimg.com/vi/MFf94YYSi_o/sddefault.jpg?sqp=-oaymwEWCJADEOEBIAQqCghqEJQEGHgg6AJIWg&rs=AMzJL3m4BA7LuHB1td7t4eAIy2h-wkHCXw,0.5,0.5,0.5,0.5,0.5,0.1,0.1,0.1,0.7,0.6,false,281000,ytmusic_playlist,2026-06-15 08:04:40.242688+00
4ff6c9dc-fa0d-4cb1-a5d0-295a5ecc616d,"Sirukki Vaasam Tamil Video | Dhanush, Trisha | Santhosh Narayanan","Anand Aravindakshan, Shweta Mohan, Vivek, Santhosh Narayanan",,en,,zqQz-cLEumo,https://i.ytimg.com/vi/zqQz-cLEumo/sddefault.jpg?sqp=-oaymwEWCJADEOEBIAQqCghqEJQEGHgg6AJIWg&rs=AMzJL3nXzWNXKbsJ3-ROG5u1f0WNozWPtA,0.5,0.5,0.5,0.5,0.5,0.1,0.1,0.1,0.7,0.6,false,238000,ytmusic_playlist,2026-06-15 08:04:39.636567+00
72e0136a-c7e9-4b2b-b449-a4671a58fb92,"Yennachu Yedhachu Video | G.V. Prakash Kumar, Anandhi","G.V. Prakash Kumar, Saindhavi",,en,,x-j36lxT568,https://i.ytimg.com/vi/x-j36lxT568/sddefault.jpg?sqp=-oaymwEWCJADEOEBIAQqCghqEJQEGHgg6AJIWg&rs=AMzJL3kvk2TdTeI6VX0n0vQ1bDQ2bAC40w,0.5,0.5,0.5,0.5,0.5,0.1,0.1,0.1,0.7,0.6,false,254000,ytmusic_playlist,2026-06-15 08:04:39.043715+00
6507f1b6-a4a7-4837-b60b-639a5b1d0b29,Marandhu Poche,"Adithya RK, Sean Roldan, Madhan",,en,,5KeOobG2hAY,https://i.ytimg.com/vi/5KeOobG2hAY/sddefault.jpg?sqp=-oaymwEWCJADEOEBIAQqCghqEJQEGHgg6AJIWg&rs=AMzJL3kOcowXz0D1UXhvp_i6XrFCG_cHsg,0.5,0.5,0.5,0.5,0.5,0.1,0.1,0.1,0.7,0.6,false,241000,ytmusic_playlist,2026-06-15 08:04:37.836061+00
9934d7ed-687b-4331-af53-a40b5b1b8460,Nenjin Ezhuth,Vidya Lakshmi G,,en,,B_Ffu0CPYJ4,https://i.ytimg.com/vi/B_Ffu0CPYJ4/sddefault.jpg?sqp=-oaymwEWCJADEOEBIAQqCghqEJQEGHgg6AJIWg&rs=AMzJL3mfJUUHLEYEW_B01QqHCk7qW8tyPw,0.5,0.5,0.5,0.5,0.5,0.1,0.1,0.1,0.7,0.6,false,265000,ytmusic_playlist,2026-06-15 08:04:37.257488+00
068f3ced-0f7e-4ded-81d3-f1b980d640d7,Rasa Rasa Unna Vachirukken Song | Manasthan | ராசா ராசா உன்ன | Hariharan Chitra | Tamil Love Song,Tamil cinema,,en,,UL4l4ab_2-0,https://i.ytimg.com/vi/UL4l4ab_2-0/sddefault.jpg?sqp=-oaymwEWCJADEOEBIAQqCghqEJQEGHgg6AJIWg&rs=AMzJL3lld5Vwu_JnI0bhDLv75odCLAeK2A,0.5,0.5,0.5,0.5,0.5,0.1,0.1,0.1,0.7,0.6,false,260000,ytmusic_playlist,2026-06-15 08:04:36.642553+00
3537daf2-e038-4fa7-9988-c18a3ddfb87d,Thottu Thottu Pesum Sulthana,RJS Music,,en,,mNcmezwxWTI,https://i.ytimg.com/vi/mNcmezwxWTI/sddefault.jpg?sqp=-oaymwEWCJADEOEBIAQqCghqEJQEGHgg6AJIWg&rs=AMzJL3nqB0vu_e0a-5kKbXjcji70VuDWFw,0.5,0.5,0.5,0.5,0.5,0.1,0.1,0.1,0.7,0.6,false,282000,ytmusic_playlist,2026-06-15 08:04:35.411967+00
1260bc22-d3a5-4aba-bd76-93971871e5ee,Oru Murai From “Must Date The Playboy” Official Music Video - T Suriavelan | Sireesha Bhagavatula (feat. Srinisha Jayaseelan & Roshan Jamrock),Shabir Sulthan,,en,,4QdKQ-yU2eA,https://i.ytimg.com/vi/4QdKQ-yU2eA/sddefault.jpg?sqp=-oaymwEWCJADEOEBIAQqCghqEJQEGHgg6AJIWg&rs=AMzJL3npn0lh1VlBB9z9PLx9fI5LAKHs9w,0.5,0.5,0.5,0.5,0.5,0.1,0.1,0.1,0.7,0.6,false,280000,ytmusic_playlist,2026-06-15 08:04:34.182221+00
af414c24-9a69-4b30-92a2-d2cba50f4fba,Alappuzha Sandhayil,"Ken Karunaas, Grace Karunaas, G.V. Prakash Kumar",,en,,hNlOdeNbW_M,https://i.ytimg.com/vi/hNlOdeNbW_M/sddefault.jpg?sqp=-oaymwEWCJADEOEBIAQqCghqEJQEGHgg6AJIWg&rs=AMzJL3nwlOMBYXTp0lLMnxqqBHfUOB8rIw,0.5,0.5,0.5,0.5,0.5,0.1,0.1,0.1,0.7,0.6,false,123000,ytmusic_playlist,2026-06-15 08:04:33.459379+00
f24671c1-007b-4cad-a38f-a8b9c430191c,Aasai (feat. Pragathi Guruprasad),TeeJay Arunasalam,,en,,CK6CN7IF0qg,https://i.ytimg.com/vi/CK6CN7IF0qg/sddefault.jpg?sqp=-oaymwEWCJADEOEBIAQqCghqEJQEGHgg6AJIWg&rs=AMzJL3kIFIRV42ZRaa6_hCynY58duIl8Uw,0.5,0.5,0.5,0.5,0.5,0.1,0.1,0.1,0.7,0.6,false,321000,ytmusic_playlist,2026-06-15 08:04:32.850926+00
49f98c24-563a-4bbf-863b-8be26ca4c978,Kalyaana Maalai,"SP Balasubrahmanyam, Ilaiyaraaja",,en,,7PlKzu6UyJ0,https://i.ytimg.com/vi/7PlKzu6UyJ0/sddefault.jpg?sqp=-oaymwEWCJADEOEBIAQqCghqEJQEGHgg6AJIWg&rs=AMzJL3nUX0WXfqf0zBOQh2HbVclfUo2ssw,0.5,0.5,0.5,0.5,0.5,0.1,0.1,0.1,0.7,0.6,false,336000,ytmusic_playlist,2026-06-15 08:04:30.773836+00
b0a2490f-e070-4ef5-b71e-92fe70aeef44,Vaadi Pottapulla Veliye,Vadivelu,,en,,sDTONRlPRxY,https://i.ytimg.com/vi/sDTONRlPRxY/sddefault.jpg?sqp=-oaymwEWCJADEOEBIAQqCghqEJQEGHgg6AJIWg&rs=AMzJL3nwwPz6VuZ4I8p-ZHci18GhY0MGuA,0.5,0.5,0.5,0.5,0.5,0.1,0.1,0.1,0.7,0.6,false,257000,ytmusic_playlist,2026-06-15 08:04:29.554741+00
0479ab72-ef58-4116-b5c0-a03e1fd351a8,Romantic😍Video | Veeradhi Veera Official Video Song | Santhosh P.Jayakumar,Tamil Music Videos,,en,,VTfSIgPB0W4,https://i.ytimg.com/vi/VTfSIgPB0W4/sddefault.jpg?sqp=-oaymwEWCJADEOEBIAQqCghqEJQEGHgg6AJIWg&rs=AMzJL3kt8cxAT1RGImK42V7TYYUJLl_w0Q,0.5,0.5,0.5,0.5,0.5,0.1,0.1,0.1,0.7,0.6,false,168000,ytmusic_playlist,2026-06-15 08:04:28.947115+00
27c6904f-3614-472f-a79a-8e7de2cbb519,"Full Video: Kannae Kanmaniye | Tere Ishk Mein | Dhanush,Kriti | AR Rahman | Aanand L Rai | Bhushan K",Sarthak Kalyani,,en,,uA2d7HZkqO4,https://i.ytimg.com/vi/uA2d7HZkqO4/sddefault.jpg?sqp=-oaymwEWCJADEOEBIAQqCghqEJQEGHgg6AJIWg&rs=AMzJL3nTcqt9RtZMx0U-T-iuPmt0-c_28w,0.5,0.5,0.5,0.5,0.5,0.1,0.1,0.1,0.7,0.6,false,333000,ytmusic_playlist,2026-06-15 08:04:27.951204+00
5d5017d0-7424-4e79-a7f5-7893395b94b9,Enakena Yaarum Illaye,"Anirudh Ravichander, Ananthakrrishnan",,en,,37-_MqQxcKc,https://i.ytimg.com/vi/37-_MqQxcKc/sddefault.jpg?sqp=-oaymwEWCJADEOEBIAQqCghqEJQEGHgg6AJIWg&rs=AMzJL3n8MoutcikvWHSxxCxaym6yQ077lQ,0.5,0.5,0.5,0.5,0.5,0.1,0.1,0.1,0.7,0.6,false,346000,ytmusic_playlist,2026-06-15 08:04:27.351999+00
305bb578-3bf8-43f4-9b99-a212fbf33f5b,Enakke Enakkaa 4K Video | Super Hit Song | Jeans | A.R.Rahman | Prashanth | Vairamuthu | Aishwarya,New Hits,,en,,tck__K8H3TE,https://i.ytimg.com/vi/tck__K8H3TE/sddefault.jpg?sqp=-oaymwEWCJADEOEBIAQqCghqEJQEGHgg6AJIWg&rs=AMzJL3mxS_NOzbQGkyFX0o02Q4etwHpHlQ,0.5,0.5,0.5,0.5,0.5,0.1,0.1,0.1,0.7,0.6,false,401000,ytmusic_playlist,2026-06-15 08:04:26.760052+00
69f56115-f20f-4e19-a5cd-ef8cee429bb6,IMAYE (feat. Srinisha Jayaseelan & Roshan Jamrock),Shabir Sulthan,,en,,MBMiGAFoeMQ,https://i.ytimg.com/vi/MBMiGAFoeMQ/sddefault.jpg?sqp=-oaymwEWCJADEOEBIAQqCghqEJQEGHgg6AJIWg&rs=AMzJL3kfLqA54gBhTtYmxmKVxJ6Ot8Efpw,0.5,0.5,0.5,0.5,0.5,0.1,0.1,0.1,0.7,0.6,false,206000,ytmusic_playlist,2026-06-15 08:04:26.144143+00
036d89bb-286c-40ef-a9c9-2e5efabb53fa,"Kona Kondakari Video | Kathir, Oviya","Ekadasi, N.R. Raghunanthan, & G.V. Prakash Kumar",,en,,ovYSmZj85Es,https://i.ytimg.com/vi/ovYSmZj85Es/sddefault.jpg?sqp=-oaymwEWCJADEOEBIAQqCghqEJQEGHgg6AJIWg&rs=AMzJL3lNhLYUr7Qi9VngnJFJbQn9w9zqOA,0.5,0.5,0.5,0.5,0.5,0.1,0.1,0.1,0.7,0.6,false,238000,ytmusic_playlist,2026-06-15 08:04:25.542619+00
10114083-fff7-40d8-999c-1a4419903334,"En Kannu Kulla (From ""Appuchi Graamam"")","Vishal Chandrasekhar, Varun Vishwa",,en,,Zllqm2zHmpA,https://i.ytimg.com/vi/Zllqm2zHmpA/sddefault.jpg?sqp=-oaymwEWCJADEOEBIAQqCghqEJQEGHgg6AJIWg&rs=AMzJL3ljcu6vwEkrTgfbJoJvinD8dSsyMw,0.5,0.5,0.5,0.5,0.5,0.1,0.1,0.1,0.7,0.6,false,230000,ytmusic_playlist,2026-06-15 08:04:24.308078+00
c5b7263a-beae-4308-a808-60d68e940457,Soru Kondu Pora,"SP Balasubrahmanyam, K.S. Chithra",,en,,EFclZWJR6HE,https://i.ytimg.com/vi/EFclZWJR6HE/sddefault.jpg?sqp=-oaymwEWCJADEOEBIAQqCghqEJQEGHgg6AJIWg&rs=AMzJL3n8yRPXtGxp8gAO-prbyTE8KnDitA,0.5,0.5,0.5,0.5,0.5,0.1,0.1,0.1,0.7,0.6,false,232000,ytmusic_playlist,2026-06-15 08:04:22.642103+00
e50a36f1-f7c3-4319-9b5f-6fa3e7083474,Adaavadi,"Heisenberg, Mathichiyam Bala, Rokesh, Vignesh Shivan",,en,,Kwa59h7HQzM,https://i.ytimg.com/vi/Kwa59h7HQzM/sddefault.jpg?sqp=-oaymwEWCJADEOEBIAQqCghqEJQEGHgg6AJIWg&rs=AMzJL3litmhANEfEc72L3ryR1lybvpfMIA,0.5,0.5,0.5,0.5,0.5,0.1,0.1,0.1,0.7,0.6,false,200000,ytmusic_playlist,2026-06-15 08:04:21.60749+00
8792d81f-6615-4387-8b46-8c06fd56158e,Suttum Vizhi Video Song | Ghajini,"Bombay Jayashree, Sriram Parthasarathy",,en,,8EFBYzeX7jI,https://i.ytimg.com/vi/8EFBYzeX7jI/sddefault.jpg?sqp=-oaymwEWCJADEOEBIAQqCghqEJQEGHgg6AJIWg&rs=AMzJL3n_Qh4fyLcFKrtEZ-iM48zv9gjW2A,0.5,0.5,0.5,0.5,0.5,0.1,0.1,0.1,0.7,0.6,false,325000,ytmusic_playlist,2026-06-15 08:04:21.012323+00
138943ad-e721-47ee-a1e1-a04fee2c79cd,Watcha Udadha - Video | Parimala and Co | Sandy | Sanjana | Ananthika | Pandiraaj | Foxn,"LRC, foxn",,en,,bDh3_1DB5TQ,https://i.ytimg.com/vi/bDh3_1DB5TQ/sddefault.jpg?sqp=-oaymwEWCJADEOEBIAQqCghqEJQEGHgg6AJIWg&rs=AMzJL3lryD5Nz1UlyXMr4jbQ8xJJIOyY3w,0.5,0.5,0.5,0.5,0.5,0.1,0.1,0.1,0.7,0.6,false,188000,ytmusic_playlist,2026-06-15 08:04:20.409438+00
518a1608-e944-4e40-bad4-0ce38087df4d,"Singari (From ""Dude"")","Pradeep Ranganathan, The Indian Choral Ensemble, Aparna Harikumar, Yazhini",,en,,JZCUL_5U8l4,https://i.ytimg.com/vi/JZCUL_5U8l4/sddefault.jpg?sqp=-oaymwEWCJADEOEBIAQqCghqEJQEGHgg6AJIWg&rs=AMzJL3n8eJNO1AcZzL6DYQbgJtgJzJjgdg,0.5,0.5,0.5,0.5,0.5,0.1,0.1,0.1,0.7,0.6,false,207000,ytmusic_playlist,2026-06-15 08:04:19.807006+00
dbc9a096-9ea8-4830-9ec6-03476fad07bb,Kannae Kanmaniye,A. R. Rahman,,en,,c3ax45qboXI,https://i.ytimg.com/vi/c3ax45qboXI/sddefault.jpg?sqp=-oaymwEWCJADEOEBIAQqCghqEJQEGHgg6AJIWg&rs=AMzJL3kz3pVcJrx5rebYcwjj23VW-zye4g,0.5,0.5,0.5,0.5,0.5,0.1,0.1,0.1,0.7,0.6,false,339000,ytmusic_playlist,2026-06-15 08:04:18.577859+00
e8bfcc09-b07f-40fc-a3a1-4ef68264f829,Ethana Saami,"Pushpavanam Kuppusamy, Raju Murugan, G.V. Prakash Kumar",,en,,xpWqfS8Su_Y,https://i.ytimg.com/vi/xpWqfS8Su_Y/sddefault.jpg?sqp=-oaymwEWCJADEOEBIAQqCghqEJQEGHgg6AJIWg&rs=AMzJL3n8_E8rHNl_dtWTz2DpTp8koITfyA,0.5,0.5,0.5,0.5,0.5,0.1,0.1,0.1,0.7,0.6,false,263000,ytmusic_playlist,2026-06-15 08:04:17.958741+00
ab507579-f9c8-43e0-8bc5-adff4cd998a5,Munbe Vaa - 4K Video Song | Sillunu Oru Kadhal | Suriya | Jyothika | AR Rahman | Star Music,"Shreya Ghoshal, Naresh Iyer",,en,,rp3_FhRnIRw,https://i.ytimg.com/vi/rp3_FhRnIRw/sddefault.jpg?sqp=-oaymwEWCJADEOEBIAQqCghqEJQEGHgg6AJIWg&rs=AMzJL3k7xEsuM5D8IZ5qJfA-z2YtZlH11w,0.5,0.5,0.5,0.5,0.5,0.1,0.1,0.1,0.7,0.6,false,345000,ytmusic_playlist,2026-06-15 08:04:17.349762+00
0b5bbe6b-fb7d-4595-89c2-95540eb66f6c,Ennai Kollathey,"Kumaresh, Ztish, & Keshini",,en,,EH3M8CYTi_s,https://i.ytimg.com/vi/EH3M8CYTi_s/sddefault.jpg?sqp=-oaymwEWCJADEOEBIAQqCghqEJQEGHgg6AJIWg&rs=AMzJL3msvPe8Uy2DXYjFeJTs3AtJayY_ng,0.5,0.5,0.5,0.5,0.5,0.1,0.1,0.1,0.7,0.6,false,327000,ytmusic_playlist,2026-06-15 08:04:16.748725+00
5f5e22e9-ed2c-4d8e-ba3e-3cd48654f77a,Jana Nayagan – Oru Pere Varalaaru Lyrical | Thalapathy Vijay | H Vinoth |Anirudh |KVN |Vishal Mishra,Vishal Mishra,,en,,ip8o5hDFLhI,https://i.ytimg.com/vi/ip8o5hDFLhI/sddefault.jpg?sqp=-oaymwEWCJADEOEBIAQqCghqEJQEGHgg6AJIWg&rs=AMzJL3moCh7h-I54HWvLfkmbR3zzmfgBUA,0.5,0.5,0.5,0.5,0.5,0.1,0.1,0.1,0.7,0.6,false,234000,ytmusic_playlist,2026-06-15 08:04:16.130704+00
15f593c9-a9dd-4cf2-a7d5-8ef793ad0955,Meghamai Vanthu Pogiren (Language: Tamil; Film: Thullatha Manamum Thullum; Film Artist 1: Vijay; Film Artist 2: Simran),Rajesh,,en,,BKugA7c0pbw,https://i.ytimg.com/vi/BKugA7c0pbw/sddefault.jpg?sqp=-oaymwEWCJADEOEBIAQqCghqEJQEGHgg6AJIWg&rs=AMzJL3loqbGVRYj6_Zir-5_6CWaIw9yF9Q,0.5,0.5,0.5,0.5,0.5,0.1,0.1,0.1,0.7,0.6,false,261000,ytmusic_playlist,2026-06-15 08:04:13.690888+00
042fecd3-2e23-4534-898a-ea30c8a4ecfa,Karuppa Kooda Va - Live Performance | Suriya's Karuppu | RJ Balaji |  @SaiAbhyankkar| VM Mahalingam,Think Music India,,en,,21xz4ofM0Q8,https://i.ytimg.com/vi/21xz4ofM0Q8/sddefault.jpg?sqp=-oaymwEWCJADEOEBIAQqCghqEJQEGHgg6AJIWg&rs=AMzJL3k2fb8D-44j-HH44QGQu91CKYlE0g,0.5,0.5,0.5,0.5,0.5,0.1,0.1,0.1,0.7,0.6,false,287000,ytmusic_playlist,2026-06-15 08:04:13.097483+00
e76c2f46-4df1-4a93-8007-4a7fd670e9f9,Sidu Sidu,Kapil Kapilan,,en,,Dyt1jelmjY0,https://i.ytimg.com/vi/Dyt1jelmjY0/sddefault.jpg?sqp=-oaymwEWCJADEOEBIAQqCghqEJQEGHgg6AJIWg&rs=AMzJL3luwxqs7CfB_22YkqXFznBKmnY6-g,0.5,0.5,0.5,0.5,0.5,0.1,0.1,0.1,0.7,0.6,false,324000,ytmusic_playlist,2026-06-15 08:04:11.877191+00
2899ecc3-17e3-4b11-99b9-e2a374bc02f9,Kanukulla,"Sai Abhyankkar, Jonita Gandhi, Adesh Krishna",,en,,sdajTOjARNg,https://i.ytimg.com/vi/sdajTOjARNg/sddefault.jpg?sqp=-oaymwEWCJADEOEBIAQqCghqEJQEGHgg6AJIWg&rs=AMzJL3lcXjA9PQWkHKpy3BNx0m3nmVqf-w,0.5,0.5,0.5,0.5,0.5,0.1,0.1,0.1,0.7,0.6,false,277000,ytmusic_playlist,2026-06-15 08:04:10.064698+00
1efb3c49-cda8-4059-9e6a-c57ce795da63,Aadiyile Sedhi,Deva,,en,,0-MbukW3ih4,https://i.ytimg.com/vi/0-MbukW3ih4/sddefault.jpg?sqp=-oaymwEWCJADEOEBIAQqCghqEJQEGHgg6AJIWg&rs=AMzJL3mNAKeShWefG1TXYQcn7hgydS6oIg,0.5,0.5,0.5,0.5,0.5,0.1,0.1,0.1,0.7,0.6,false,295000,ytmusic_playlist,2026-06-15 08:04:09.474398+00
9114844f-b6d7-42d1-9876-f97d6c6aceea,Powerhouse,"Arivu, Anirudh Ravichander",,en,,OXHTlMPbX7o,https://i.ytimg.com/vi/OXHTlMPbX7o/sddefault.jpg?sqp=-oaymwEWCJADEOEBIAQqCghqEJQEGHgg6AJIWg&rs=AMzJL3lK8MEYJUXiGWA1XUW8zNWN4w5geg,0.5,0.5,0.5,0.5,0.5,0.1,0.1,0.1,0.7,0.6,false,209000,ytmusic_playlist,2026-06-15 08:04:08.862221+00
7134b45d-cefc-4f9b-ba8c-b77618930d5f,TVK ELECTION CAMPAIGN SONG - உங்க விஜய் நா வரேன்! Whistle அடிக்க ரெடியா?,Tamilaga Vettri Kazhagam,,en,,JHJmFbLeK-Y,https://i.ytimg.com/vi/JHJmFbLeK-Y/sddefault.jpg?sqp=-oaymwEWCJADEOEBIAQqCghqEJQEGHgg6AJIWg&rs=AMzJL3klINOe4BlMKSGwy7ZrRwXWL5g9Lg,0.5,0.5,0.5,0.5,0.5,0.1,0.1,0.1,0.7,0.6,false,388000,ytmusic_playlist,2026-06-15 08:04:08.262659+00
fa31edbe-0f95-464b-8851-7233eecffc50,Athu Thalore Video Song | Suriya's Karuppu | RJ Balaji |  @SaiAbhyankkar  | Dream Warrior Pictures,Think Music India,,en,,WHg1eltJ3Ek,https://i.ytimg.com/vi/WHg1eltJ3Ek/sddefault.jpg?sqp=-oaymwEWCJADEOEBIAQqCghqEJQEGHgg6AJIWg&rs=AMzJL3kBHKJkcawcDtVZEMuVgHBbrERN0w,0.5,0.5,0.5,0.5,0.5,0.1,0.1,0.1,0.7,0.6,false,248000,ytmusic_playlist,2026-06-15 08:04:06.996051+00
4e33315e-112a-4d22-868f-aeddd3865b16,ICEBOY,"Asal Kolaar, Shiv Paul",,en,,WJntcFSWIsU,https://i.ytimg.com/vi/WJntcFSWIsU/sddefault.jpg?sqp=-oaymwEWCJADEOEBIAQqCghqEJQEGHgg6AJIWg&rs=AMzJL3lnt46-iGUmiwfDb_fkvSkbzedg6g,0.5,0.5,0.5,0.5,0.5,0.1,0.1,0.1,0.7,0.6,false,242000,ytmusic_playlist,2026-06-15 08:04:06.336221+00
797e38b6-09cb-487a-85c1-18fc0d887d65,"Goindhamma (From ""Meesaya Murukku 2"")","Gana Sudhakar, Hiphop Tamizha, Gana Vinoth, Kaushik Krish, and Gana Ulagam Dharani",,en,,78BUQPB8Z-c,https://i.ytimg.com/vi/78BUQPB8Z-c/sddefault.jpg?sqp=-oaymwEWCJADEOEBIAQqCghqEJQEGHgg6AJIWg&rs=AMzJL3naqAHyFuZAdhMKS47xBXhQ12a1Vw,0.5,0.5,0.5,0.5,0.5,0.1,0.1,0.1,0.7,0.6,false,200000,ytmusic_playlist,2026-06-15 08:04:05.737477+00
58cce084-81cd-4de1-9808-af37859cff29,Theekkoluthi,Nivas K Prasanna,,en,,AyYyZUI0Rgk,https://i.ytimg.com/vi/AyYyZUI0Rgk/sddefault.jpg?sqp=-oaymwEWCJADEOEBIAQqCghqEJQEGHgg6AJIWg&rs=AMzJL3k-Ny4nn7c4WeyTuPC7EGAuM3tKMg,0.5,0.5,0.5,0.5,0.5,0.1,0.1,0.1,0.7,0.6,false,416000,ytmusic_playlist,2026-06-15 08:04:05.126281+00
d8937e52-1fb4-4bcf-86d2-a10e7b796cc4,Aasa Pulla,"Eshwar, Ken Karunaas, G.V. Prakash Kumar",,en,,JpQWcziZSxY,https://i.ytimg.com/vi/JpQWcziZSxY/sddefault.jpg?sqp=-oaymwEWCJADEOEBIAQqCghqEJQEGHgg6AJIWg&rs=AMzJL3mOG8D7OVljI7EK1Xo7VgEK71T7JQ,0.5,0.5,0.5,0.5,0.5,0.1,0.1,0.1,0.7,0.6,false,150000,ytmusic_playlist,2026-06-15 08:04:03.919086+00
7a2fa107-56f6-4320-82a2-e47f4362745a,Adaavadi Video Song | LIK | Pradeep Ranganathan | Anirudh Ravichander | Krithi Shetty,Sony Music South,,en,,rS3-P_X3KOA,https://i.ytimg.com/vi/rS3-P_X3KOA/sddefault.jpg?sqp=-oaymwEWCJADEOEBIAQqCghqEJQEGHgg6AJIWg&rs=AMzJL3lSu3IPggF7S6DTLlvFQp-yG3s6gw,0.5,0.5,0.5,0.5,0.5,0.1,0.1,0.1,0.7,0.6,false,196000,ytmusic_playlist,2026-06-15 08:04:03.162794+00
386998f1-8a85-4c9d-97ff-7135fcae9fb4,Naanga Naalu Peru,"Silambarasan TR, Sai Abhyankkar, Asal Kolaar, Arun Srinivasan",,en,,2Cf3e_G_IkQ,https://i.ytimg.com/vi/2Cf3e_G_IkQ/sddefault.jpg?sqp=-oaymwEWCJADEOEBIAQqCghqEJQEGHgg6AJIWg&rs=AMzJL3nack5H352nCB1NVztL0xtBv2jZyw,0.5,0.5,0.5,0.5,0.5,0.1,0.1,0.1,0.7,0.6,false,208000,ytmusic_playlist,2026-06-15 08:04:02.560185+00
4c07020a-24ce-403a-899f-1750fe6dc524,Pottala Muttaye,"Santhosh Narayanan, Sublahshini, Vivek",,en,,sWT7S6T0Qzw,https://i.ytimg.com/vi/sWT7S6T0Qzw/sddefault.jpg?sqp=-oaymwEWCJADEOEBIAQqCghqEJQEGHgg6AJIWg&rs=AMzJL3m2Hgs9eCAUK05kFDc3amZ_sWs34w,0.5,0.5,0.5,0.5,0.5,0.1,0.1,0.1,0.7,0.6,false,257000,ytmusic_playlist,2026-06-15 08:04:01.97859+00
6f643f8a-d6f7-4dea-88f7-6fd9fc9d20a8,"Sigma Style (From ""Sigma"") (Telugu)","Mc Rude, Thaman S, & AsurA",,en,,ANMLjQHYdmo,https://i.ytimg.com/vi/ANMLjQHYdmo/sddefault.jpg?sqp=-oaymwEWCJADEOEBIAQqCghqEJQEGHgg6AJIWg&rs=AMzJL3llT9QhEh177k6rnJiYXkJQe2v1fA,0.5,0.5,0.5,0.5,0.5,0.1,0.1,0.1,0.7,0.6,false,212000,ytmusic_playlist,2026-06-15 08:04:01.378928+00
8ee9913a-4580-4d2d-a30c-96e45477d4ea,Verappa,"Sai Abhyankkar, Arivu, Arun Srinivasan",,en,,krLTxD-h-S8,https://i.ytimg.com/vi/krLTxD-h-S8/sddefault.jpg?sqp=-oaymwEWCJADEOEBIAQqCghqEJQEGHgg6AJIWg&rs=AMzJL3mfzxxNguyvl6DlFeNTtfRpHZ9hag,0.5,0.5,0.5,0.5,0.5,0.1,0.1,0.1,0.7,0.6,false,277000,ytmusic_playlist,2026-06-15 08:04:00.760785+00
ffa68a13-106b-422b-a278-998dcd6924af,Vari Vari (Unna Kaadhaliche),Dhee,,en,,B2uqmomb1Cs,https://i.ytimg.com/vi/B2uqmomb1Cs/sddefault.jpg?sqp=-oaymwEWCJADEOEBIAQqCghqEJQEGHgg6AJIWg&rs=AMzJL3m0o8cYkH-2D4FOsg1VuSCpr8GB5w,0.5,0.5,0.5,0.5,0.5,0.1,0.1,0.1,0.7,0.6,false,221000,ytmusic_playlist,2026-06-15 08:04:00.146552+00
4b0db6be-9805-4b93-a24a-40c31eebb3bc,Raathu Raasan,"Sai Abhyankkar, V.M. Mahalingam, Paal Dabba, Vivek",,en,,5PASPLld0u8,https://i.ytimg.com/vi/5PASPLld0u8/sddefault.jpg?sqp=-oaymwEWCJADEOEBIAQqCghqEJQEGHgg6AJIWg&rs=AMzJL3mp9R4Q-r5iH404YE6BB3DMUm6lhA,0.5,0.5,0.5,0.5,0.5,0.1,0.1,0.1,0.7,0.6,false,206000,ytmusic_playlist,2026-06-15 08:03:59.224192+00
94899801-30b0-437e-9a37-22369ce9fd9f,Loveah Sollitalea,"G.V. Prakash Kumar, Ken Karunaas, Eshwar",,en,,ntf3KM24nrc,https://i.ytimg.com/vi/ntf3KM24nrc/sddefault.jpg?sqp=-oaymwEWCJADEOEBIAQqCghqEJQEGHgg6AJIWg&rs=AMzJL3lBh_gWzop0pPDSvDwhiDZZW9F3-A,0.5,0.5,0.5,0.5,0.5,0.1,0.1,0.1,0.7,0.6,false,204000,ytmusic_playlist,2026-06-15 08:03:58.609921+00
1ceaa5de-1210-42cf-a081-9d28e7f158a3,Thalapathy Kacheri,Anirudh Ravichander,,en,,muGu6ObWM14,https://i.ytimg.com/vi/muGu6ObWM14/sddefault.jpg?sqp=-oaymwEWCJADEOEBIAQqCghqEJQEGHgg6AJIWg&rs=AMzJL3kT43-a_V1P7pvZPy-N8CQp9J-I7A,0.5,0.5,0.5,0.5,0.5,0.1,0.1,0.1,0.7,0.6,false,202000,ytmusic_playlist,2026-06-15 08:03:58.014865+00
47ba55e2-8715-4ef9-bf15-31a0742dd968,Monica,"Sublahshini, Anirudh Ravichander, Asal Kolaar",,en,,2qCpY38ompo,https://i.ytimg.com/vi/2qCpY38ompo/sddefault.jpg?sqp=-oaymwEWCJADEOEBIAQqCghqEJQEGHgg6AJIWg&rs=AMzJL3n9WNud4j1m90EinHle5LV9VrZ4qA,0.5,0.5,0.5,0.5,0.5,0.1,0.1,0.1,0.7,0.6,false,215000,ytmusic_playlist,2026-06-15 08:03:57.40104+00
bbe36e9b-5092-4ee2-b812-1e8ac2ecd0d7,Oorum Blood,"Sai Abhyankkar, Paal Dabba, Deepthi Suresh  , Bebhumika",,en,,k9_JbEaRxso,https://i.ytimg.com/vi/k9_JbEaRxso/sddefault.jpg?sqp=-oaymwEWCJADEOEBIAQqCghqEJQEGHgg6AJIWg&rs=AMzJL3mphoa15KW--if8J5aB5pkgjCALjg,0.5,0.5,0.5,0.5,0.5,0.1,0.1,0.1,0.7,0.6,false,269000,ytmusic_playlist,2026-06-15 08:03:56.780079+00
544c01f7-a115-4ac4-ad18-9f58e3fb9fbb,Galat Baat Hai,Neeti Mohan,,en,,coQ95u7w_18,https://i.ytimg.com/vi/coQ95u7w_18/sddefault.jpg?sqp=-oaymwEWCJADEOEBIAQqCghqEJQEGHgg6AJIWg&rs=AMzJL3mP0tHzzHWjgKBEdQtOjZ5kc1C-og,0.5,0.5,0.5,0.5,0.5,0.1,0.1,0.1,0.7,0.6,false,222000,ytmusic_playlist,2026-06-15 05:17:01.1699+00
e0c44b2a-f26d-42ff-99a9-1e0e7bdece5d,"#Video - लुगा Vs लुंगी डांस | #Ashish Yadav, Khushi Kakkar का एक और बवाल | #Magahi Song 2026",Ashish Yadav,,en,,7HYbmJ2mDpI,https://i.ytimg.com/vi/7HYbmJ2mDpI/sddefault.jpg?sqp=-oaymwEWCJADEOEBIAQqCghqEJQEGHgg6AJIWg&rs=AMzJL3lKf7vWwLpr7RCK8jQY7_5QTakXrQ,0.5,0.5,0.5,0.5,0.5,0.1,0.1,0.1,0.7,0.6,false,165000,ytmusic_playlist,2026-06-15 05:16:59.920865+00
d92422cf-c913-4173-9955-f7136cfc2efe,Ishqa'n De Lekhe,Sajjan Adeeb,,en,,1Q5u6DTMVCQ,https://i.ytimg.com/vi/1Q5u6DTMVCQ/sddefault.jpg?sqp=-oaymwEWCJADEOEBIAQqCghqEJQEGHgg6AJIWg&rs=AMzJL3l0RN8sfu9fr50x3sdA8A9ZE1NDVA,0.5,0.5,0.5,0.5,0.5,0.1,0.1,0.1,0.7,0.6,false,190000,ytmusic_playlist,2026-06-15 05:16:59.318441+00
5531f6f6-d021-46ef-b79b-c5610ce2e01b,Kaise Ho - Lofi Mix,"Bintu Pabra, Shiva Choudhary",,en,,TnqSV_Ucurk,https://i.ytimg.com/vi/TnqSV_Ucurk/sddefault.jpg?sqp=-oaymwEWCJADEOEBIAQqCghqEJQEGHgg6AJIWg&rs=AMzJL3l1PMosAAmh1JMAFTnqicWMxYCLgg,0.5,0.5,0.5,0.5,0.5,0.1,0.1,0.1,0.7,0.6,false,229000,ytmusic_playlist,2026-06-15 05:16:58.701738+00
5fe8b9f7-1b2a-4a3d-bed4-03fd0779976b,#video | गर्मी गरम बिया | #Khesari Lal Yadav | #Garmi | #Shilpi Raj | Raksha Gupta | Bhojpuri Song,Khesari Lal Yadav,,en,,8m4qAKkl-Vs,https://i.ytimg.com/vi/8m4qAKkl-Vs/sddefault.jpg?sqp=-oaymwEWCJADEOEBIAQqCghqEJQEGHgg6AJIWg&rs=AMzJL3nFtnHMt3h-n5oLU-FR4fA6YzVcXw,0.5,0.5,0.5,0.5,0.5,0.1,0.1,0.1,0.7,0.6,false,232000,ytmusic_playlist,2026-06-15 05:16:58.086437+00
8107ccd1-a256-4c92-849a-34d44efb215a,Dole Da Kamariya,Arvind Akela Kallu Ji,,en,,sEdzSmULtjk,https://i.ytimg.com/vi/sEdzSmULtjk/sddefault.jpg?sqp=-oaymwEWCJADEOEBIAQqCghqEJQEGHgg6AJIWg&rs=AMzJL3kyb5e7Mxr2w2UXsWRwr9nlNGzSgg,0.5,0.5,0.5,0.5,0.5,0.1,0.1,0.1,0.7,0.6,false,194000,ytmusic_playlist,2026-06-15 05:16:57.469965+00
c0009c35-3fcf-4764-8dd4-8e0a6c0d3588,Komagata Maru,"Gur Sidhu, Cheema Y",,en,,43CmO5HMUFs,https://i.ytimg.com/vi/43CmO5HMUFs/sddefault.jpg?sqp=-oaymwEWCJADEOEBIAQqCghqEJQEGHgg6AJIWg&rs=AMzJL3kWRbdkf8DsCzfP-5dqWBMknjBX5Q,0.5,0.5,0.5,0.5,0.5,0.1,0.1,0.1,0.7,0.6,false,123000,ytmusic_playlist,2026-06-15 05:16:55.910605+00
6ce275c8-5930-4150-8d34-25ac4437dd8b,Saree Chamakdar,"Satish Das, Savitri Karmkar",,en,,vmFUt4nzqLQ,https://i.ytimg.com/vi/vmFUt4nzqLQ/sddefault.jpg?sqp=-oaymwEWCJADEOEBIAQqCghqEJQEGHgg6AJIWg&rs=AMzJL3kEV1J4GVSqpDDggEfBPYUH1uG1Mw,0.5,0.5,0.5,0.5,0.5,0.1,0.1,0.1,0.7,0.6,false,303000,ytmusic_playlist,2026-06-15 05:16:55.303368+00
d95a89f0-b42e-429b-b5dd-ae8ebf32f20f,"#Video | 6 गोली मारव नथुनिया पS | #Khesari Lal Yadav, Srishti Bharti | 6 Goli Marab Nathuniya Pa","Khesari Lal Yadav, Srishti Bharti",,en,,QFjteAz9Ylk,https://i.ytimg.com/vi/QFjteAz9Ylk/sddefault.jpg?sqp=-oaymwEWCJADEOEBIAQqCghqEJQEGHgg6AJIWg&rs=AMzJL3mu22aQ2RiQEON7jtXnWmo272mhYA,0.5,0.5,0.5,0.5,0.5,0.1,0.1,0.1,0.7,0.6,false,209000,ytmusic_playlist,2026-06-15 05:16:54.692046+00
f0fcc211-b2d5-48bd-a52e-6d40ca458690,Barbaad (Movie: Saiyaara),Jubin Nautiyal,,en,,0v5eHPfy5Lk,https://i.ytimg.com/vi/0v5eHPfy5Lk/sddefault.jpg?sqp=-oaymwEWCJADEOEBIAQqCghqEJQEGHgg6AJIWg&rs=AMzJL3nVb5CldBktd4jqoRQ8cE04ZJin7w,0.5,0.5,0.5,0.5,0.5,0.1,0.1,0.1,0.7,0.6,false,225000,ytmusic_playlist,2026-06-15 05:16:54.067541+00
a8f53777-6dee-445f-82c1-fc3b8d32600c,Jail Yatra,Raushan Rohi,,en,,hhGOJ0PVb7A,https://i.ytimg.com/vi/hhGOJ0PVb7A/sddefault.jpg?sqp=-oaymwEWCJADEOEBIAQqCghqEJQEGHgg6AJIWg&rs=AMzJL3kLNIJxGfKbrZt6QsYeEL03-c3ubw,0.5,0.5,0.5,0.5,0.5,0.1,0.1,0.1,0.7,0.6,false,163000,ytmusic_playlist,2026-06-15 05:16:53.469752+00
4b3de7df-32ca-4db1-91ce-409ee89ca880,Ved Lavla,"Nihar Shembekar, Shark",,en,,VC58SsLEsSg,https://i.ytimg.com/vi/VC58SsLEsSg/sddefault.jpg?sqp=-oaymwEWCJADEOEBIAQqCghqEJQEGHgg6AJIWg&rs=AMzJL3nJFM7fll_37f5yvShh_sd7KrIPyQ,0.5,0.5,0.5,0.5,0.5,0.1,0.1,0.1,0.7,0.6,false,201000,ytmusic_playlist,2026-06-15 05:16:52.856386+00
e4989274-73f7-4f70-8016-9710d205df90,Kale Kagaz,"Shiva Choudhary, Amanraj Gill",,en,,WglKFRu0FJs,https://i.ytimg.com/vi/WglKFRu0FJs/sddefault.jpg?sqp=-oaymwEWCJADEOEBIAQqCghqEJQEGHgg6AJIWg&rs=AMzJL3nmiPWS8og-SuzEwkO3d4gGMu6ADQ,0.5,0.5,0.5,0.5,0.5,0.1,0.1,0.1,0.7,0.6,false,192000,ytmusic_playlist,2026-06-15 05:16:52.239073+00
b2feb77b-dc02-4c6b-b0d5-f697a4cf396b,Chikiri Chikiri Full Lyrical | Peddi | Ram Charan | Janhvi | Buchi Babu | AR Rahman | Mohit Chauhan,Mohit Chauhan,,en,,swnLoBJb8ls,https://i.ytimg.com/vi/swnLoBJb8ls/sddefault.jpg?sqp=-oaymwEWCJADEOEBIAQqCghqEJQEGHgg6AJIWg&rs=AMzJL3n7o0e5rdSaVqSCfivd1l6sZKmj2Q,0.5,0.5,0.5,0.5,0.5,0.1,0.1,0.1,0.7,0.6,false,274000,ytmusic_playlist,2026-06-15 05:16:51.63858+00
0209e483-3ab3-4f13-9774-71c53952c840,Tu Hi Haqeeqat - Lyrical Song | Tum Mile | Emraan Hashmi | Soha Ali Khan | Javed Ali | Pritam,"Sayeed Quadri, Irshan Ashraf, Shadab Faridi, and Javed Ali",,en,,3QhajVg6SjE,https://i.ytimg.com/vi/3QhajVg6SjE/sddefault.jpg?sqp=-oaymwEWCJADEOEBIAQqCghqEJQEGHgg6AJIWg&rs=AMzJL3kdmLokLcPq2KEdleOSk3pq3bYk7A,0.5,0.5,0.5,0.5,0.5,0.1,0.1,0.1,0.7,0.6,false,306000,ytmusic_playlist,2026-06-15 05:16:51.007862+00
e8fb95d2-e164-47c3-93a3-9c98138c1334,Hum Pyaar Karne Wale,Anuradha Paudwal,,en,,Th2Op6uvNXw,https://i.ytimg.com/vi/Th2Op6uvNXw/sddefault.jpg?sqp=-oaymwEWCJADEOEBIAQqCghqEJQEGHgg6AJIWg&rs=AMzJL3m8pNT0V1T7eODMjF1KX8AqSkAOOA,0.5,0.5,0.5,0.5,0.5,0.1,0.1,0.1,0.7,0.6,false,229000,ytmusic_playlist,2026-06-15 05:16:49.952447+00
e33c384b-97d6-46de-99ff-b9caa257e3e5,Delhi Se Manali (Ladka Tera Diwana),"Badshah, Sirazee, Manju Nautiyal",,en,,PYmKIMwXsSg,https://i.ytimg.com/vi/PYmKIMwXsSg/sddefault.jpg?sqp=-oaymwEWCJADEOEBIAQqCghqEJQEGHgg6AJIWg&rs=AMzJL3mokGWNI78cyJtU09_eYxlOxZg87w,0.5,0.5,0.5,0.5,0.5,0.1,0.1,0.1,0.7,0.6,false,159000,ytmusic_playlist,2026-06-15 05:16:49.076228+00
2929670c-7d6b-4ee6-b633-70e883646309,Dunali Raja Ji,Tuntun Yadav,,en,,dhPyrMvc_oo,https://i.ytimg.com/vi/dhPyrMvc_oo/sddefault.jpg?sqp=-oaymwEWCJADEOEBIAQqCghqEJQEGHgg6AJIWg&rs=AMzJL3nfk3SgVDTB8PIwwSimYpyJvYFciQ,0.5,0.5,0.5,0.5,0.5,0.1,0.1,0.1,0.7,0.6,false,191000,ytmusic_playlist,2026-06-15 05:16:48.473804+00
3cb7ddb2-49f0-47ad-a492-c727513dc1eb,Cham Cham karti | छम छम करती गली में जद निकली(Official Video)Parhlad Phagna| New Haryanvi Song 2026 (feat. Aarohi Raghav),"Parhlad Phagna, Sushila Takhar",,en,,nxGQZKRR5x0,https://i.ytimg.com/vi/nxGQZKRR5x0/sddefault.jpg?sqp=-oaymwEWCJADEOEBIAQqCghqEJQEGHgg6AJIWg&rs=AMzJL3k23LI1hfB953QObGa956I7zJucKQ,0.5,0.5,0.5,0.5,0.5,0.1,0.1,0.1,0.7,0.6,false,198000,ytmusic_playlist,2026-06-15 05:16:47.869476+00
47f2531e-66d2-42e3-80ab-72c68256a244,Choli Ke Saman,"Aashish Yadav, Khushi Kakkar",,en,,DBC2461TQbQ,https://i.ytimg.com/vi/DBC2461TQbQ/sddefault.jpg?sqp=-oaymwEWCJADEOEBIAQqCghqEJQEGHgg6AJIWg&rs=AMzJL3mT_PFqn1s7T3Cb4bzxRnDoJ--CxQ,0.5,0.5,0.5,0.5,0.5,0.1,0.1,0.1,0.7,0.6,false,175000,ytmusic_playlist,2026-06-15 05:16:47.239401+00
a786d7b8-73f4-4dfc-b549-8b802b986dc0,#Video | एगो माई के दुगो ललनवा | #Ankush Raja | सामाजिक गीत | Bhojpuri Song 2026,"ADR Anand, Garda Siyadih, Ankush Raja",,en,,F-9KBvT3OgY,https://i.ytimg.com/vi/F-9KBvT3OgY/sddefault.jpg?sqp=-oaymwEWCJADEOEBIAQqCghqEJQEGHgg6AJIWg&rs=AMzJL3nE6Qa3tP0yVlK3NV8w1EubS0VkJQ,0.5,0.5,0.5,0.5,0.5,0.1,0.1,0.1,0.7,0.6,false,211000,ytmusic_playlist,2026-06-15 05:16:46.621145+00
79c12613-e018-40dc-9808-fd2169652732,#Video | माल ना मालपुआ हS | #Geeta Rani | Mal Na Malpua Ha | Bhojpuri Viral Song 2026,Geeta Rani,,en,,ZxPbtlR1Yco,https://i.ytimg.com/vi/ZxPbtlR1Yco/sddefault.jpg?sqp=-oaymwEWCJADEOEBIAQqCghqEJQEGHgg6AJIWg&rs=AMzJL3lipwJajflPAXv2SKnBGShNYcUnTw,0.5,0.5,0.5,0.5,0.5,0.1,0.1,0.1,0.7,0.6,false,275000,ytmusic_playlist,2026-06-15 05:16:46.026649+00
50586a80-7dbb-4885-a96a-9458f90738a5,Raavana Mavandaa,Anirudh Ravichander,,en,,9OF_cF48mjA,https://i.ytimg.com/vi/9OF_cF48mjA/sddefault.jpg?sqp=-oaymwEWCJADEOEBIAQqCghqEJQEGHgg6AJIWg&rs=AMzJL3nHOUVYDYXd2tdnAkT6ytTw3WNwGw,0.5,0.5,0.5,0.5,0.5,0.1,0.1,0.1,0.7,0.6,false,113000,ytmusic_playlist,2026-06-15 05:16:45.423257+00
d7e819d4-d5ad-41f9-9bcd-8f4831888b1c,O Maahi,Arijit Singh,,en,,Z1-qmKn7DQY,https://i.ytimg.com/vi/Z1-qmKn7DQY/sddefault.jpg?sqp=-oaymwEWCJADEOEBIAQqCghqEJQEGHgg6AJIWg&rs=AMzJL3kLETh9c1voGpvE_0rvoDjVxR0PmA,0.5,0.5,0.5,0.5,0.5,0.1,0.1,0.1,0.7,0.6,false,214000,ytmusic_playlist,2026-06-15 05:16:44.188994+00
98fe74de-9afb-478e-ba04-d8da55b1b30c,CEO (Official Audio) Cheema Y | Gur Sidhu,Gur Sidhu,,en,,fHE2rqtF_n8,https://i.ytimg.com/vi/fHE2rqtF_n8/sddefault.jpg?sqp=-oaymwEWCJADEOEBIAQqCghqEJQEGHgg6AJIWg&rs=AMzJL3kCC4O5GVNQqYTnmpb2mvT6tfoItg,0.5,0.5,0.5,0.5,0.5,0.1,0.1,0.1,0.7,0.6,false,133000,ytmusic_playlist,2026-06-15 05:16:43.111095+00